id;account_status;last_date_update;date_created;firstname;lastname;phone_number;birth_date;birth_place;gender;family_situation;position;address
1;false;2025-03-02T14:26:47;2025-03-02T07:20:32;touriste;à la faveur de grandement;gigantesque vlan;2025-03-01T16:56:36;vétuste;MALE;MARIE;prou gérer;pff crever oh
2;true;2025-03-01T20:59:59;2025-03-01T19:17:38;à côté de souple prout;conseiller après multiplier;gigantesque;2025-03-02T00:53:08;ronron solitaire;MALE;MARIE;hirsute;habile
3;false;2025-03-02T05:27:39;2025-03-01T16:02:01;dès si à peu près;lorsque bzzz;tic-tac par;2025-03-01T16:13:46;loin de;FEMALE;MARIE;égoïste;éclater équiper
4;false;2025-03-02T08:47:57;2025-03-02T07:46:32;cuicui vraiment;magnifique tard;insuffisamment;2025-03-02T09:10:01;apte ouch enlever;FEMALE;MARIE;jamais dès que de peur de;boum extatique réconcilier
5;false;2025-03-02T13:54:14;2025-03-02T01:47:42;ronron peu communauté étudiante;de façon que brave;encourager recevoir mairie;2025-03-02T04:03:58;chialer à moins de;MALE;CELIBATAIRE;ouah;à l'insu de responsable
6;false;2025-03-01T22:55:03;2025-03-02T06:24:07;autrement communauté étudiante que;de par;admirablement broum gueuler;2025-03-01T15:30:27;aussitôt rédaction;MALE;CELIBATAIRE;oups juriste;lunatique concernant corps enseignant
7;false;2025-03-01T20:39:57;2025-03-01T22:33:24;à moins de parce que direction;sitôt à l'exception de police;sédentaire coac coac grrr;2025-03-02T04:00:42;camarade population du Québec tant que;FEMALE;CELIBATAIRE;efficace cuicui;âcre probablement convertir
8;false;2025-03-02T05:49:15;2025-03-01T16:28:10;au-delà si bien que bon;par rapport à;sans que attraper;2025-03-01T17:08:10;plic lorsque débile;MALE;MARIE;foule au cas où;de façon à ce que insipide
9;true;2025-03-02T02:18:46;2025-03-02T03:38:53;vaincre;électorat;puisque par rapport à;2025-03-02T04:49:05;arriver;MALE;MARIE;assez bon;vis-à-vie de souple
10;false;2025-03-01T15:44:21;2025-03-02T12:13:12;chut amorphe bien que;tousser assez rudement;toc direction miam;2025-03-02T10:05:39;sous couleur de;MALE;MARIE;prout au dépens de;de sorte que plic
